-- Deterministic demo seed world: austin-v1 (Austin, TX)
-- GENERATED by scripts/generate_seed.py — edit the generator, not this file.
-- Idempotent: truncates and reloads the whole world. Stop windows are
-- relative to CURRENT_DATE so the world always reads as 'today'.

BEGIN;

TRUNCATE TABLE parcels, stops, orders, routes, vehicles, drivers, depots, customers, tenants CASCADE;

INSERT INTO tenants (id, name) VALUES ('cxt-demo', 'CXT Demo Courier — Austin');

INSERT INTO depots (id, tenant_id, name, address, location) VALUES
  ('d1000000-0000-4000-8000-000000000001', 'cxt-demo', 'Eastside Depot', '2401 E 6th St, Austin, TX 78702', ST_GeogFromText('POINT(-97.7185 30.2601)'));

INSERT INTO customers (id, tenant_id, code, name, contact_name, email, phone, address, location) VALUES
  ('c1000000-0000-4000-8000-000000000001', 'cxt-demo', 'CAPLAB', 'Capital Diagnostics Lab', 'Dr. Renee Alvarez', 'dispatch@caplab.example.com', '512-555-0201', '3115 Red River St, Austin, TX 78705', ST_GeogFromText('POINT(-97.7305 30.29)')),
  ('c1000000-0000-4000-8000-000000000002', 'cxt-demo', 'ZILKER', 'Zilker Botanical Supply', 'Tom Herrera', 'dispatch@zilker.example.com', '512-555-0202', '2220 Barton Springs Rd, Austin, TX 78746', ST_GeogFromText('POINT(-97.7688 30.2646)')),
  ('c1000000-0000-4000-8000-000000000003', 'cxt-demo', 'SOCOOP', 'South Congress Optics', 'Priya Patel', 'dispatch@socoop.example.com', '512-555-0203', '1601 S Congress Ave, Austin, TX 78704', ST_GeogFromText('POINT(-97.7514 30.247)')),
  ('c1000000-0000-4000-8000-000000000004', 'cxt-demo', 'MUELPH', 'Mueller Community Pharmacy', 'Grace Kim', 'dispatch@muelph.example.com', '512-555-0204', '1910 Aldrich St, Austin, TX 78723', ST_GeogFromText('POINT(-97.7052 30.2996)')),
  ('c1000000-0000-4000-8000-000000000005', 'cxt-demo', 'HPPRNT', 'Hyde Park Print Works', 'Marcus Bell', 'dispatch@hpprnt.example.com', '512-555-0205', '4315 Guadalupe St, Austin, TX 78751', ST_GeogFromText('POINT(-97.7387 30.3095)')),
  ('c1000000-0000-4000-8000-000000000006', 'cxt-demo', 'DOMTEC', 'Domain Tech Components', 'Ellen Zhao', 'dispatch@domtec.example.com', '512-555-0206', '11410 Century Oaks Ter, Austin, TX 78758', ST_GeogFromText('POINT(-97.7256 30.4014)')),
  ('c1000000-0000-4000-8000-000000000007', 'cxt-demo', 'BSCOFF', 'Barton Springs Coffee Roasters', 'Luis Romero', 'dispatch@bscoff.example.com', '512-555-0207', '2201 S Lamar Blvd, Austin, TX 78704', ST_GeogFromText('POINT(-97.7676 30.2493)')),
  ('c1000000-0000-4000-8000-000000000008', 'cxt-demo', 'RIVAUT', 'Riverside Auto Parts', 'Hank Dawson', 'dispatch@rivaut.example.com', '512-555-0208', '2404 E Riverside Dr, Austin, TX 78741', ST_GeogFromText('POINT(-97.7202 30.2333)')),
  ('c1000000-0000-4000-8000-000000000009', 'cxt-demo', 'CLKFLR', 'Clarksville Floral Studio', 'Amelie Fontaine', 'dispatch@clkflr.example.com', '512-555-0209', '1211 W 6th St, Austin, TX 78703', ST_GeogFromText('POINT(-97.7565 30.2725)')),
  ('c1000000-0000-4000-8000-000000000010', 'cxt-demo', 'WPDENT', 'Windsor Park Dental Group', 'Dr. Sam Osei', 'dispatch@wpdent.example.com', '512-555-0210', '5811 Berkman Dr, Austin, TX 78723', ST_GeogFromText('POINT(-97.6927 30.3159)'));

INSERT INTO drivers (id, tenant_id, driver_number, first_name, last_name, phone, email, status, home_depot_id, current_location, location_updated_at) VALUES
  ('d2000000-0000-4000-8000-000000000001', 'cxt-demo', 'DRV-001', 'Maria', 'Garcia', '512-555-0101', 'maria.garcia@cxtdemo.example.com', 'ON_ROUTE', 'd1000000-0000-4000-8000-000000000001', ST_GeogFromText('POINT(-97.7185 30.2601)'), NOW()),
  ('d2000000-0000-4000-8000-000000000002', 'cxt-demo', 'DRV-002', 'Carlos', 'Rodriguez', '512-555-0102', 'carlos.rodriguez@cxtdemo.example.com', 'ON_ROUTE', 'd1000000-0000-4000-8000-000000000001', ST_GeogFromText('POINT(-97.7157 30.2593)'), NOW()),
  ('d2000000-0000-4000-8000-000000000003', 'cxt-demo', 'DRV-003', 'Aisha', 'Johnson', '512-555-0103', 'aisha.johnson@cxtdemo.example.com', 'AVAILABLE', 'd1000000-0000-4000-8000-000000000001', ST_GeogFromText('POINT(-97.7185 30.2601)'), NOW()),
  ('d2000000-0000-4000-8000-000000000004', 'cxt-demo', 'DRV-004', 'Robert', 'Wilson', '512-555-0104', 'robert.wilson@cxtdemo.example.com', 'AVAILABLE', 'd1000000-0000-4000-8000-000000000001', ST_GeogFromText('POINT(-97.7185 30.2601)'), NOW()),
  ('d2000000-0000-4000-8000-000000000005', 'cxt-demo', 'DRV-005', 'Emily', 'Chen', '512-555-0105', 'emily.chen@cxtdemo.example.com', 'AVAILABLE', 'd1000000-0000-4000-8000-000000000001', ST_GeogFromText('POINT(-97.7185 30.2601)'), NOW()),
  ('d2000000-0000-4000-8000-000000000006', 'cxt-demo', 'DRV-006', 'David', 'Okafor', '512-555-0106', 'david.okafor@cxtdemo.example.com', 'AVAILABLE', 'd1000000-0000-4000-8000-000000000001', ST_GeogFromText('POINT(-97.7185 30.2601)'), NOW()),
  ('d2000000-0000-4000-8000-000000000007', 'cxt-demo', 'DRV-007', 'Sarah', 'Nguyen', '512-555-0107', 'sarah.nguyen@cxtdemo.example.com', 'AVAILABLE', 'd1000000-0000-4000-8000-000000000001', ST_GeogFromText('POINT(-97.7185 30.2601)'), NOW()),
  ('d2000000-0000-4000-8000-000000000008', 'cxt-demo', 'DRV-008', 'James', 'Miller', '512-555-0108', 'james.miller@cxtdemo.example.com', 'OFF_DUTY', 'd1000000-0000-4000-8000-000000000001', ST_GeogFromText('POINT(-97.7185 30.2601)'), NOW());

INSERT INTO vehicles (id, tenant_id, vehicle_number, kind, make, model, capacity_parcels, status, home_depot_id, current_location) VALUES
  ('e1000000-0000-4000-8000-000000000001', 'cxt-demo', 'VAN-101', 'VAN', 'Ford', 'Transit 350', 60, 'IN_SERVICE', 'd1000000-0000-4000-8000-000000000001', ST_GeogFromText('POINT(-97.7185 30.2601)')),
  ('e1000000-0000-4000-8000-000000000002', 'cxt-demo', 'VAN-102', 'VAN', 'Mercedes-Benz', 'Sprinter 2500', 55, 'IN_SERVICE', 'd1000000-0000-4000-8000-000000000001', ST_GeogFromText('POINT(-97.7157 30.2593)')),
  ('e1000000-0000-4000-8000-000000000003', 'cxt-demo', 'VAN-103', 'VAN', 'RAM', 'ProMaster 2500', 50, 'AVAILABLE', 'd1000000-0000-4000-8000-000000000001', ST_GeogFromText('POINT(-97.7185 30.2601)')),
  ('e1000000-0000-4000-8000-000000000004', 'cxt-demo', 'VAN-104', 'VAN', 'Ford', 'Transit 250', 45, 'AVAILABLE', 'd1000000-0000-4000-8000-000000000001', ST_GeogFromText('POINT(-97.7185 30.2601)')),
  ('e1000000-0000-4000-8000-000000000005', 'cxt-demo', 'BOX-105', 'BOX_TRUCK', 'Isuzu', 'NPR-HD', 120, 'AVAILABLE', 'd1000000-0000-4000-8000-000000000001', ST_GeogFromText('POINT(-97.7185 30.2601)'));

INSERT INTO routes (id, tenant_id, route_number, service_date, status, driver_id, vehicle_id, started_at) VALUES
  ('a1000000-0000-4000-8000-000000000001', 'cxt-demo', 'RT-101', CURRENT_DATE, 'ACTIVE', 'd2000000-0000-4000-8000-000000000001', 'e1000000-0000-4000-8000-000000000001', (CURRENT_DATE + TIME '08:00' + INTERVAL '0 minutes')),
  ('a1000000-0000-4000-8000-000000000002', 'cxt-demo', 'RT-102', CURRENT_DATE, 'ACTIVE', 'd2000000-0000-4000-8000-000000000002', 'e1000000-0000-4000-8000-000000000002', (CURRENT_DATE + TIME '08:00' + INTERVAL '0 minutes')),
  ('a1000000-0000-4000-8000-000000000003', 'cxt-demo', 'RT-103', CURRENT_DATE, 'PLANNED', 'd2000000-0000-4000-8000-000000000003', 'e1000000-0000-4000-8000-000000000003', NULL),
  ('a1000000-0000-4000-8000-000000000004', 'cxt-demo', 'RT-104', CURRENT_DATE, 'PLANNED', 'd2000000-0000-4000-8000-000000000004', 'e1000000-0000-4000-8000-000000000005', NULL),
  ('a1000000-0000-4000-8000-000000000005', 'cxt-demo', 'RT-105', CURRENT_DATE, 'PLANNED', 'd2000000-0000-4000-8000-000000000005', 'e1000000-0000-4000-8000-000000000004', NULL);

INSERT INTO orders (id, tenant_id, order_number, customer_id, status, notes) VALUES
  ('b1000000-0000-4000-8000-000000000001', 'cxt-demo', 'ORD-1001', 'c1000000-0000-4000-8000-000000000001', 'IN_PROGRESS', 'Refrigerated — keep cold'),
  ('b1000000-0000-4000-8000-000000000002', 'cxt-demo', 'ORD-1002', 'c1000000-0000-4000-8000-000000000003', 'IN_PROGRESS', NULL),
  ('b1000000-0000-4000-8000-000000000003', 'cxt-demo', 'ORD-1003', 'c1000000-0000-4000-8000-000000000005', 'IN_PROGRESS', NULL),
  ('b1000000-0000-4000-8000-000000000004', 'cxt-demo', 'ORD-1004', 'c1000000-0000-4000-8000-000000000007', 'IN_PROGRESS', 'Signature required'),
  ('b1000000-0000-4000-8000-000000000005', 'cxt-demo', 'ORD-1005', 'c1000000-0000-4000-8000-000000000009', 'IN_PROGRESS', NULL),
  ('b1000000-0000-4000-8000-000000000006', 'cxt-demo', 'ORD-1006', 'c1000000-0000-4000-8000-000000000002', 'IN_PROGRESS', NULL),
  ('b1000000-0000-4000-8000-000000000007', 'cxt-demo', 'ORD-1007', 'c1000000-0000-4000-8000-000000000004', 'IN_PROGRESS', 'Fragile'),
  ('b1000000-0000-4000-8000-000000000008', 'cxt-demo', 'ORD-1008', 'c1000000-0000-4000-8000-000000000004', 'IN_PROGRESS', NULL),
  ('b1000000-0000-4000-8000-000000000009', 'cxt-demo', 'ORD-1009', 'c1000000-0000-4000-8000-000000000008', 'IN_PROGRESS', 'Deliver to loading dock'),
  ('b1000000-0000-4000-8000-000000000010', 'cxt-demo', 'ORD-1010', 'c1000000-0000-4000-8000-000000000008', 'COMPLETED', NULL),
  ('b1000000-0000-4000-8000-000000000011', 'cxt-demo', 'ORD-1011', 'c1000000-0000-4000-8000-000000000001', 'ASSIGNED', NULL),
  ('b1000000-0000-4000-8000-000000000012', 'cxt-demo', 'ORD-1012', 'c1000000-0000-4000-8000-000000000001', 'ASSIGNED', NULL),
  ('b1000000-0000-4000-8000-000000000013', 'cxt-demo', 'ORD-1013', 'c1000000-0000-4000-8000-000000000006', 'ASSIGNED', 'Signature required'),
  ('b1000000-0000-4000-8000-000000000014', 'cxt-demo', 'ORD-1014', 'c1000000-0000-4000-8000-000000000006', 'ASSIGNED', NULL),
  ('b1000000-0000-4000-8000-000000000015', 'cxt-demo', 'ORD-1015', 'c1000000-0000-4000-8000-000000000010', 'ASSIGNED', NULL),
  ('b1000000-0000-4000-8000-000000000016', 'cxt-demo', 'ORD-1016', 'c1000000-0000-4000-8000-000000000005', 'ASSIGNED', NULL),
  ('b1000000-0000-4000-8000-000000000017', 'cxt-demo', 'ORD-1017', 'c1000000-0000-4000-8000-000000000009', 'ASSIGNED', 'Fragile — glass'),
  ('b1000000-0000-4000-8000-000000000018', 'cxt-demo', 'ORD-1018', 'c1000000-0000-4000-8000-000000000007', 'ASSIGNED', NULL),
  ('b1000000-0000-4000-8000-000000000019', 'cxt-demo', 'ORD-1019', 'c1000000-0000-4000-8000-000000000003', 'ASSIGNED', NULL),
  ('b1000000-0000-4000-8000-000000000020', 'cxt-demo', 'ORD-1020', 'c1000000-0000-4000-8000-000000000002', 'ASSIGNED', NULL),
  ('b1000000-0000-4000-8000-000000000021', 'cxt-demo', 'ORD-1021', 'c1000000-0000-4000-8000-000000000010', 'ASSIGNED', NULL),
  ('b1000000-0000-4000-8000-000000000022', 'cxt-demo', 'ORD-1022', 'c1000000-0000-4000-8000-000000000004', 'ASSIGNED', 'Call recipient on arrival'),
  ('b1000000-0000-4000-8000-000000000023', 'cxt-demo', 'ORD-1023', 'c1000000-0000-4000-8000-000000000001', 'ASSIGNED', NULL),
  ('b1000000-0000-4000-8000-000000000024', 'cxt-demo', 'ORD-1024', 'c1000000-0000-4000-8000-000000000002', 'CREATED', NULL),
  ('b1000000-0000-4000-8000-000000000025', 'cxt-demo', 'ORD-1025', 'c1000000-0000-4000-8000-000000000006', 'CREATED', NULL),
  ('b1000000-0000-4000-8000-000000000026', 'cxt-demo', 'ORD-1026', 'c1000000-0000-4000-8000-000000000001', 'CREATED', 'Refrigerated — keep cold'),
  ('b1000000-0000-4000-8000-000000000027', 'cxt-demo', 'ORD-1027', 'c1000000-0000-4000-8000-000000000008', 'CREATED', NULL),
  ('b1000000-0000-4000-8000-000000000028', 'cxt-demo', 'ORD-1028', 'c1000000-0000-4000-8000-000000000005', 'CREATED', NULL),
  ('b1000000-0000-4000-8000-000000000029', 'cxt-demo', 'ORD-1029', 'c1000000-0000-4000-8000-000000000009', 'CREATED', NULL),
  ('b1000000-0000-4000-8000-000000000030', 'cxt-demo', 'ORD-1030', 'c1000000-0000-4000-8000-000000000003', 'CREATED', NULL);

INSERT INTO stops (id, tenant_id, order_id, route_id, kind, sequence, status, address, location, window_start, window_end, arrived_at, completed_at) VALUES
  ('b2000000-0000-4000-8000-000000000011', 'cxt-demo', 'b1000000-0000-4000-8000-000000000001', 'a1000000-0000-4000-8000-000000000001', 'PICKUP', 1, 'COMPLETED', '2401 E 6th St, Austin, TX 78702', ST_GeogFromText('POINT(-97.7185 30.2601)'), (CURRENT_DATE + TIME '08:00' + INTERVAL '0 minutes'), (CURRENT_DATE + TIME '08:00' + INTERVAL '120 minutes'), (CURRENT_DATE + TIME '08:00' + INTERVAL '3 minutes'), (CURRENT_DATE + TIME '08:00' + INTERVAL '5 minutes')),
  ('b2000000-0000-4000-8000-000000000012', 'cxt-demo', 'b1000000-0000-4000-8000-000000000001', 'a1000000-0000-4000-8000-000000000001', 'DELIVERY', 7, 'PENDING', '904 West Ave, Austin, TX 78701', ST_GeogFromText('POINT(-97.7484 30.2734)'), (CURRENT_DATE + TIME '08:00' + INTERVAL '60 minutes'), (CURRENT_DATE + TIME '08:00' + INTERVAL '300 minutes'), NULL, NULL),
  ('b2000000-0000-4000-8000-000000000021', 'cxt-demo', 'b1000000-0000-4000-8000-000000000002', 'a1000000-0000-4000-8000-000000000001', 'PICKUP', 2, 'COMPLETED', '2401 E 6th St, Austin, TX 78702', ST_GeogFromText('POINT(-97.7185 30.2601)'), (CURRENT_DATE + TIME '08:00' + INTERVAL '0 minutes'), (CURRENT_DATE + TIME '08:00' + INTERVAL '120 minutes'), (CURRENT_DATE + TIME '08:00' + INTERVAL '8 minutes'), (CURRENT_DATE + TIME '08:00' + INTERVAL '10 minutes')),
  ('b2000000-0000-4000-8000-000000000022', 'cxt-demo', 'b1000000-0000-4000-8000-000000000002', 'a1000000-0000-4000-8000-000000000001', 'DELIVERY', 8, 'PENDING', '807 W Mary St, Austin, TX 78704', ST_GeogFromText('POINT(-97.7583 30.2489)'), (CURRENT_DATE + TIME '08:00' + INTERVAL '60 minutes'), (CURRENT_DATE + TIME '08:00' + INTERVAL '300 minutes'), NULL, NULL),
  ('b2000000-0000-4000-8000-000000000031', 'cxt-demo', 'b1000000-0000-4000-8000-000000000003', 'a1000000-0000-4000-8000-000000000001', 'PICKUP', 3, 'COMPLETED', '2401 E 6th St, Austin, TX 78702', ST_GeogFromText('POINT(-97.7185 30.2601)'), (CURRENT_DATE + TIME '08:00' + INTERVAL '10 minutes'), (CURRENT_DATE + TIME '08:00' + INTERVAL '130 minutes'), (CURRENT_DATE + TIME '08:00' + INTERVAL '13 minutes'), (CURRENT_DATE + TIME '08:00' + INTERVAL '15 minutes')),
  ('b2000000-0000-4000-8000-000000000032', 'cxt-demo', 'b1000000-0000-4000-8000-000000000003', 'a1000000-0000-4000-8000-000000000001', 'DELIVERY', 10, 'PENDING', '3809 Duval St, Austin, TX 78751', ST_GeogFromText('POINT(-97.7288 30.3037)'), (CURRENT_DATE + TIME '08:00' + INTERVAL '70 minutes'), (CURRENT_DATE + TIME '08:00' + INTERVAL '310 minutes'), NULL, NULL),
  ('b2000000-0000-4000-8000-000000000041', 'cxt-demo', 'b1000000-0000-4000-8000-000000000004', 'a1000000-0000-4000-8000-000000000001', 'PICKUP', 4, 'COMPLETED', '2401 E 6th St, Austin, TX 78702', ST_GeogFromText('POINT(-97.7185 30.2601)'), (CURRENT_DATE + TIME '08:00' + INTERVAL '10 minutes'), (CURRENT_DATE + TIME '08:00' + INTERVAL '130 minutes'), (CURRENT_DATE + TIME '08:00' + INTERVAL '18 minutes'), (CURRENT_DATE + TIME '08:00' + INTERVAL '20 minutes')),
  ('b2000000-0000-4000-8000-000000000042', 'cxt-demo', 'b1000000-0000-4000-8000-000000000004', 'a1000000-0000-4000-8000-000000000001', 'DELIVERY', 9, 'PENDING', '1200 Barton Hills Dr, Austin, TX 78704', ST_GeogFromText('POINT(-97.7789 30.2547)'), (CURRENT_DATE + TIME '08:00' + INTERVAL '70 minutes'), (CURRENT_DATE + TIME '08:00' + INTERVAL '310 minutes'), NULL, NULL),
  ('b2000000-0000-4000-8000-000000000051', 'cxt-demo', 'b1000000-0000-4000-8000-000000000005', 'a1000000-0000-4000-8000-000000000001', 'PICKUP', 5, 'COMPLETED', '2401 E 6th St, Austin, TX 78702', ST_GeogFromText('POINT(-97.7185 30.2601)'), (CURRENT_DATE + TIME '08:00' + INTERVAL '20 minutes'), (CURRENT_DATE + TIME '08:00' + INTERVAL '140 minutes'), (CURRENT_DATE + TIME '08:00' + INTERVAL '23 minutes'), (CURRENT_DATE + TIME '08:00' + INTERVAL '25 minutes')),
  ('b2000000-0000-4000-8000-000000000052', 'cxt-demo', 'b1000000-0000-4000-8000-000000000005', 'a1000000-0000-4000-8000-000000000001', 'DELIVERY', 6, 'PENDING', '600 Congress Ave, Austin, TX 78701', ST_GeogFromText('POINT(-97.7431 30.268)'), (CURRENT_DATE + TIME '08:00' + INTERVAL '80 minutes'), (CURRENT_DATE + TIME '08:00' + INTERVAL '320 minutes'), NULL, NULL),
  ('b2000000-0000-4000-8000-000000000061', 'cxt-demo', 'b1000000-0000-4000-8000-000000000006', 'a1000000-0000-4000-8000-000000000002', 'PICKUP', 1, 'COMPLETED', '2220 Barton Springs Rd, Austin, TX 78746', ST_GeogFromText('POINT(-97.7688 30.2646)'), (CURRENT_DATE + TIME '08:00' + INTERVAL '20 minutes'), (CURRENT_DATE + TIME '08:00' + INTERVAL '140 minutes'), (CURRENT_DATE + TIME '08:00' + INTERVAL '3 minutes'), (CURRENT_DATE + TIME '08:00' + INTERVAL '5 minutes')),
  ('b2000000-0000-4000-8000-000000000062', 'cxt-demo', 'b1000000-0000-4000-8000-000000000006', 'a1000000-0000-4000-8000-000000000002', 'DELIVERY', 9, 'PENDING', '2604 S 5th St, Austin, TX 78704', ST_GeogFromText('POINT(-97.7644 30.2372)'), (CURRENT_DATE + TIME '08:00' + INTERVAL '80 minutes'), (CURRENT_DATE + TIME '08:00' + INTERVAL '320 minutes'), NULL, NULL),
  ('b2000000-0000-4000-8000-000000000071', 'cxt-demo', 'b1000000-0000-4000-8000-000000000007', 'a1000000-0000-4000-8000-000000000002', 'PICKUP', 2, 'COMPLETED', '2401 E 6th St, Austin, TX 78702', ST_GeogFromText('POINT(-97.7185 30.2601)'), (CURRENT_DATE + TIME '08:00' + INTERVAL '30 minutes'), (CURRENT_DATE + TIME '08:00' + INTERVAL '150 minutes'), (CURRENT_DATE + TIME '08:00' + INTERVAL '8 minutes'), (CURRENT_DATE + TIME '08:00' + INTERVAL '10 minutes')),
  ('b2000000-0000-4000-8000-000000000072', 'cxt-demo', 'b1000000-0000-4000-8000-000000000007', 'a1000000-0000-4000-8000-000000000002', 'DELIVERY', 7, 'PENDING', '1401 Rosewood Ave, Austin, TX 78702', ST_GeogFromText('POINT(-97.7229 30.2683)'), (CURRENT_DATE + TIME '08:00' + INTERVAL '90 minutes'), (CURRENT_DATE + TIME '08:00' + INTERVAL '330 minutes'), NULL, NULL),
  ('b2000000-0000-4000-8000-000000000081', 'cxt-demo', 'b1000000-0000-4000-8000-000000000008', 'a1000000-0000-4000-8000-000000000002', 'PICKUP', 3, 'COMPLETED', '2401 E 6th St, Austin, TX 78702', ST_GeogFromText('POINT(-97.7185 30.2601)'), (CURRENT_DATE + TIME '08:00' + INTERVAL '30 minutes'), (CURRENT_DATE + TIME '08:00' + INTERVAL '150 minutes'), (CURRENT_DATE + TIME '08:00' + INTERVAL '13 minutes'), (CURRENT_DATE + TIME '08:00' + INTERVAL '15 minutes')),
  ('b2000000-0000-4000-8000-000000000082', 'cxt-demo', 'b1000000-0000-4000-8000-000000000008', 'a1000000-0000-4000-8000-000000000002', 'DELIVERY', 10, 'PENDING', '1304 E 51st St, Austin, TX 78723', ST_GeogFromText('POINT(-97.7099 30.3054)'), (CURRENT_DATE + TIME '08:00' + INTERVAL '90 minutes'), (CURRENT_DATE + TIME '08:00' + INTERVAL '330 minutes'), NULL, NULL),
  ('b2000000-0000-4000-8000-000000000091', 'cxt-demo', 'b1000000-0000-4000-8000-000000000009', 'a1000000-0000-4000-8000-000000000002', 'PICKUP', 4, 'COMPLETED', '2404 E Riverside Dr, Austin, TX 78741', ST_GeogFromText('POINT(-97.7202 30.2333)'), (CURRENT_DATE + TIME '08:00' + INTERVAL '40 minutes'), (CURRENT_DATE + TIME '08:00' + INTERVAL '160 minutes'), (CURRENT_DATE + TIME '08:00' + INTERVAL '18 minutes'), (CURRENT_DATE + TIME '08:00' + INTERVAL '20 minutes')),
  ('b2000000-0000-4000-8000-000000000092', 'cxt-demo', 'b1000000-0000-4000-8000-000000000009', 'a1000000-0000-4000-8000-000000000002', 'DELIVERY', 8, 'PENDING', '400 E Riverside Dr, Austin, TX 78704', ST_GeogFromText('POINT(-97.7401 30.2447)'), (CURRENT_DATE + TIME '08:00' + INTERVAL '100 minutes'), (CURRENT_DATE + TIME '08:00' + INTERVAL '340 minutes'), NULL, NULL),
  ('b2000000-0000-4000-8000-000000000101', 'cxt-demo', 'b1000000-0000-4000-8000-000000000010', 'a1000000-0000-4000-8000-000000000002', 'PICKUP', 5, 'COMPLETED', '2401 E 6th St, Austin, TX 78702', ST_GeogFromText('POINT(-97.7185 30.2601)'), (CURRENT_DATE + TIME '08:00' + INTERVAL '40 minutes'), (CURRENT_DATE + TIME '08:00' + INTERVAL '160 minutes'), (CURRENT_DATE + TIME '08:00' + INTERVAL '23 minutes'), (CURRENT_DATE + TIME '08:00' + INTERVAL '25 minutes')),
  ('b2000000-0000-4000-8000-000000000102', 'cxt-demo', 'b1000000-0000-4000-8000-000000000010', 'a1000000-0000-4000-8000-000000000002', 'DELIVERY', 6, 'COMPLETED', '2200 E 7th St, Austin, TX 78702', ST_GeogFromText('POINT(-97.7157 30.2593)'), (CURRENT_DATE + TIME '08:00' + INTERVAL '100 minutes'), (CURRENT_DATE + TIME '08:00' + INTERVAL '340 minutes'), (CURRENT_DATE + TIME '08:00' + INTERVAL '28 minutes'), (CURRENT_DATE + TIME '08:00' + INTERVAL '30 minutes')),
  ('b2000000-0000-4000-8000-000000000111', 'cxt-demo', 'b1000000-0000-4000-8000-000000000011', 'a1000000-0000-4000-8000-000000000003', 'PICKUP', 1, 'PENDING', '2401 E 6th St, Austin, TX 78702', ST_GeogFromText('POINT(-97.7185 30.2601)'), (CURRENT_DATE + TIME '08:00' + INTERVAL '120 minutes'), (CURRENT_DATE + TIME '08:00' + INTERVAL '270 minutes'), NULL, NULL),
  ('b2000000-0000-4000-8000-000000000112', 'cxt-demo', 'b1000000-0000-4000-8000-000000000011', 'a1000000-0000-4000-8000-000000000003', 'DELIVERY', 8, 'PENDING', '5300 Airport Blvd, Austin, TX 78751', ST_GeogFromText('POINT(-97.7126 30.3131)'), (CURRENT_DATE + TIME '08:00' + INTERVAL '180 minutes'), (CURRENT_DATE + TIME '08:00' + INTERVAL '450 minutes'), NULL, NULL),
  ('b2000000-0000-4000-8000-000000000121', 'cxt-demo', 'b1000000-0000-4000-8000-000000000012', 'a1000000-0000-4000-8000-000000000003', 'PICKUP', 2, 'PENDING', '3115 Red River St, Austin, TX 78705', ST_GeogFromText('POINT(-97.7305 30.29)'), (CURRENT_DATE + TIME '08:00' + INTERVAL '120 minutes'), (CURRENT_DATE + TIME '08:00' + INTERVAL '270 minutes'), NULL, NULL),
  ('b2000000-0000-4000-8000-000000000122', 'cxt-demo', 'b1000000-0000-4000-8000-000000000012', 'a1000000-0000-4000-8000-000000000003', 'DELIVERY', 7, 'PENDING', '4200 Red River St, Austin, TX 78751', ST_GeogFromText('POINT(-97.7245 30.3013)'), (CURRENT_DATE + TIME '08:00' + INTERVAL '180 minutes'), (CURRENT_DATE + TIME '08:00' + INTERVAL '450 minutes'), NULL, NULL),
  ('b2000000-0000-4000-8000-000000000131', 'cxt-demo', 'b1000000-0000-4000-8000-000000000013', 'a1000000-0000-4000-8000-000000000003', 'PICKUP', 3, 'PENDING', '2401 E 6th St, Austin, TX 78702', ST_GeogFromText('POINT(-97.7185 30.2601)'), (CURRENT_DATE + TIME '08:00' + INTERVAL '130 minutes'), (CURRENT_DATE + TIME '08:00' + INTERVAL '280 minutes'), NULL, NULL),
  ('b2000000-0000-4000-8000-000000000132', 'cxt-demo', 'b1000000-0000-4000-8000-000000000013', 'a1000000-0000-4000-8000-000000000003', 'DELIVERY', 10, 'PENDING', '2525 W Anderson Ln, Austin, TX 78757', ST_GeogFromText('POINT(-97.7317 30.3593)'), (CURRENT_DATE + TIME '08:00' + INTERVAL '190 minutes'), (CURRENT_DATE + TIME '08:00' + INTERVAL '460 minutes'), NULL, NULL),
  ('b2000000-0000-4000-8000-000000000141', 'cxt-demo', 'b1000000-0000-4000-8000-000000000014', 'a1000000-0000-4000-8000-000000000003', 'PICKUP', 4, 'PENDING', '11410 Century Oaks Ter, Austin, TX 78758', ST_GeogFromText('POINT(-97.7256 30.4014)'), (CURRENT_DATE + TIME '08:00' + INTERVAL '130 minutes'), (CURRENT_DATE + TIME '08:00' + INTERVAL '280 minutes'), NULL, NULL),
  ('b2000000-0000-4000-8000-000000000142', 'cxt-demo', 'b1000000-0000-4000-8000-000000000014', 'a1000000-0000-4000-8000-000000000003', 'DELIVERY', 9, 'PENDING', '500 E Anderson Ln, Austin, TX 78752', ST_GeogFromText('POINT(-97.7043 30.3541)'), (CURRENT_DATE + TIME '08:00' + INTERVAL '190 minutes'), (CURRENT_DATE + TIME '08:00' + INTERVAL '460 minutes'), NULL, NULL),
  ('b2000000-0000-4000-8000-000000000151', 'cxt-demo', 'b1000000-0000-4000-8000-000000000015', 'a1000000-0000-4000-8000-000000000003', 'PICKUP', 5, 'PENDING', '2401 E 6th St, Austin, TX 78702', ST_GeogFromText('POINT(-97.7185 30.2601)'), (CURRENT_DATE + TIME '08:00' + INTERVAL '140 minutes'), (CURRENT_DATE + TIME '08:00' + INTERVAL '290 minutes'), NULL, NULL),
  ('b2000000-0000-4000-8000-000000000152', 'cxt-demo', 'b1000000-0000-4000-8000-000000000015', 'a1000000-0000-4000-8000-000000000003', 'DELIVERY', 6, 'PENDING', '1601 E 38th 1/2 St, Austin, TX 78722', ST_GeogFromText('POINT(-97.7194 30.2969)'), (CURRENT_DATE + TIME '08:00' + INTERVAL '200 minutes'), (CURRENT_DATE + TIME '08:00' + INTERVAL '470 minutes'), NULL, NULL),
  ('b2000000-0000-4000-8000-000000000161', 'cxt-demo', 'b1000000-0000-4000-8000-000000000016', 'a1000000-0000-4000-8000-000000000004', 'PICKUP', 1, 'PENDING', '4315 Guadalupe St, Austin, TX 78751', ST_GeogFromText('POINT(-97.7387 30.3095)'), (CURRENT_DATE + TIME '08:00' + INTERVAL '150 minutes'), (CURRENT_DATE + TIME '08:00' + INTERVAL '300 minutes'), NULL, NULL),
  ('b2000000-0000-4000-8000-000000000162', 'cxt-demo', 'b1000000-0000-4000-8000-000000000016', 'a1000000-0000-4000-8000-000000000004', 'DELIVERY', 7, 'PENDING', '2002 Manor Rd, Austin, TX 78722', ST_GeogFromText('POINT(-97.7186 30.2841)'), (CURRENT_DATE + TIME '08:00' + INTERVAL '210 minutes'), (CURRENT_DATE + TIME '08:00' + INTERVAL '480 minutes'), NULL, NULL),
  ('b2000000-0000-4000-8000-000000000171', 'cxt-demo', 'b1000000-0000-4000-8000-000000000017', 'a1000000-0000-4000-8000-000000000004', 'PICKUP', 2, 'PENDING', '2401 E 6th St, Austin, TX 78702', ST_GeogFromText('POINT(-97.7185 30.2601)'), (CURRENT_DATE + TIME '08:00' + INTERVAL '150 minutes'), (CURRENT_DATE + TIME '08:00' + INTERVAL '300 minutes'), NULL, NULL),
  ('b2000000-0000-4000-8000-000000000172', 'cxt-demo', 'b1000000-0000-4000-8000-000000000017', 'a1000000-0000-4000-8000-000000000004', 'DELIVERY', 6, 'PENDING', '1804 E Cesar Chavez St, Austin, TX 78702', ST_GeogFromText('POINT(-97.7228 30.256)'), (CURRENT_DATE + TIME '08:00' + INTERVAL '210 minutes'), (CURRENT_DATE + TIME '08:00' + INTERVAL '480 minutes'), NULL, NULL),
  ('b2000000-0000-4000-8000-000000000181', 'cxt-demo', 'b1000000-0000-4000-8000-000000000018', 'a1000000-0000-4000-8000-000000000004', 'PICKUP', 3, 'PENDING', '2201 S Lamar Blvd, Austin, TX 78704', ST_GeogFromText('POINT(-97.7676 30.2493)'), (CURRENT_DATE + TIME '08:00' + INTERVAL '160 minutes'), (CURRENT_DATE + TIME '08:00' + INTERVAL '310 minutes'), NULL, NULL),
  ('b2000000-0000-4000-8000-000000000182', 'cxt-demo', 'b1000000-0000-4000-8000-000000000018', 'a1000000-0000-4000-8000-000000000004', 'DELIVERY', 10, 'PENDING', '5400 Manchaca Rd, Austin, TX 78745', ST_GeogFromText('POINT(-97.7965 30.2172)'), (CURRENT_DATE + TIME '08:00' + INTERVAL '220 minutes'), (CURRENT_DATE + TIME '08:00' + INTERVAL '490 minutes'), NULL, NULL),
  ('b2000000-0000-4000-8000-000000000191', 'cxt-demo', 'b1000000-0000-4000-8000-000000000019', 'a1000000-0000-4000-8000-000000000004', 'PICKUP', 4, 'PENDING', '2401 E 6th St, Austin, TX 78702', ST_GeogFromText('POINT(-97.7185 30.2601)'), (CURRENT_DATE + TIME '08:00' + INTERVAL '160 minutes'), (CURRENT_DATE + TIME '08:00' + INTERVAL '310 minutes'), NULL, NULL),
  ('b2000000-0000-4000-8000-000000000192', 'cxt-demo', 'b1000000-0000-4000-8000-000000000019', 'a1000000-0000-4000-8000-000000000004', 'DELIVERY', 8, 'PENDING', '4700 Grover Ave, Austin, TX 78756', ST_GeogFromText('POINT(-97.7419 30.3178)'), (CURRENT_DATE + TIME '08:00' + INTERVAL '220 minutes'), (CURRENT_DATE + TIME '08:00' + INTERVAL '490 minutes'), NULL, NULL),
  ('b2000000-0000-4000-8000-000000000201', 'cxt-demo', 'b1000000-0000-4000-8000-000000000020', 'a1000000-0000-4000-8000-000000000004', 'PICKUP', 5, 'PENDING', '2401 E 6th St, Austin, TX 78702', ST_GeogFromText('POINT(-97.7185 30.2601)'), (CURRENT_DATE + TIME '08:00' + INTERVAL '170 minutes'), (CURRENT_DATE + TIME '08:00' + INTERVAL '320 minutes'), NULL, NULL),
  ('b2000000-0000-4000-8000-000000000202', 'cxt-demo', 'b1000000-0000-4000-8000-000000000020', 'a1000000-0000-4000-8000-000000000004', 'DELIVERY', 9, 'PENDING', '3300 Bee Caves Rd, Austin, TX 78746', ST_GeogFromText('POINT(-97.8018 30.2731)'), (CURRENT_DATE + TIME '08:00' + INTERVAL '230 minutes'), (CURRENT_DATE + TIME '08:00' + INTERVAL '500 minutes'), NULL, NULL),
  ('b2000000-0000-4000-8000-000000000211', 'cxt-demo', 'b1000000-0000-4000-8000-000000000021', 'a1000000-0000-4000-8000-000000000005', 'PICKUP', 1, 'PENDING', '5811 Berkman Dr, Austin, TX 78723', ST_GeogFromText('POINT(-97.6927 30.3159)'), (CURRENT_DATE + TIME '08:00' + INTERVAL '180 minutes'), (CURRENT_DATE + TIME '08:00' + INTERVAL '330 minutes'), NULL, NULL),
  ('b2000000-0000-4000-8000-000000000212', 'cxt-demo', 'b1000000-0000-4000-8000-000000000021', 'a1000000-0000-4000-8000-000000000005', 'DELIVERY', 5, 'PENDING', '901 W Ben White Blvd, Austin, TX 78704', ST_GeogFromText('POINT(-97.7756 30.2278)'), (CURRENT_DATE + TIME '08:00' + INTERVAL '240 minutes'), (CURRENT_DATE + TIME '08:00' + INTERVAL '510 minutes'), NULL, NULL),
  ('b2000000-0000-4000-8000-000000000221', 'cxt-demo', 'b1000000-0000-4000-8000-000000000022', 'a1000000-0000-4000-8000-000000000005', 'PICKUP', 2, 'PENDING', '2401 E 6th St, Austin, TX 78702', ST_GeogFromText('POINT(-97.7185 30.2601)'), (CURRENT_DATE + TIME '08:00' + INTERVAL '180 minutes'), (CURRENT_DATE + TIME '08:00' + INTERVAL '330 minutes'), NULL, NULL),
  ('b2000000-0000-4000-8000-000000000222', 'cxt-demo', 'b1000000-0000-4000-8000-000000000022', 'a1000000-0000-4000-8000-000000000005', 'DELIVERY', 6, 'PENDING', '6800 Burnet Rd, Austin, TX 78757', ST_GeogFromText('POINT(-97.7405 30.3437)'), (CURRENT_DATE + TIME '08:00' + INTERVAL '240 minutes'), (CURRENT_DATE + TIME '08:00' + INTERVAL '510 minutes'), NULL, NULL),
  ('b2000000-0000-4000-8000-000000000231', 'cxt-demo', 'b1000000-0000-4000-8000-000000000023', 'a1000000-0000-4000-8000-000000000005', 'PICKUP', 3, 'PENDING', '2401 E 6th St, Austin, TX 78702', ST_GeogFromText('POINT(-97.7185 30.2601)'), (CURRENT_DATE + TIME '08:00' + INTERVAL '190 minutes'), (CURRENT_DATE + TIME '08:00' + INTERVAL '340 minutes'), NULL, NULL),
  ('b2000000-0000-4000-8000-000000000232', 'cxt-demo', 'b1000000-0000-4000-8000-000000000023', 'a1000000-0000-4000-8000-000000000005', 'DELIVERY', 4, 'PENDING', '1913 E 12th St, Austin, TX 78702', ST_GeogFromText('POINT(-97.7176 30.2735)'), (CURRENT_DATE + TIME '08:00' + INTERVAL '250 minutes'), (CURRENT_DATE + TIME '08:00' + INTERVAL '520 minutes'), NULL, NULL),
  ('b2000000-0000-4000-8000-000000000241', 'cxt-demo', 'b1000000-0000-4000-8000-000000000024', NULL, 'PICKUP', NULL, 'PENDING', '2220 Barton Springs Rd, Austin, TX 78746', ST_GeogFromText('POINT(-97.7688 30.2646)'), (CURRENT_DATE + TIME '08:00' + INTERVAL '240 minutes'), (CURRENT_DATE + TIME '08:00' + INTERVAL '420 minutes'), NULL, NULL),
  ('b2000000-0000-4000-8000-000000000242', 'cxt-demo', 'b1000000-0000-4000-8000-000000000024', NULL, 'DELIVERY', NULL, 'PENDING', '3401 Cherrywood Rd, Austin, TX 78722', ST_GeogFromText('POINT(-97.7146 30.2926)'), (CURRENT_DATE + TIME '08:00' + INTERVAL '300 minutes'), (CURRENT_DATE + TIME '08:00' + INTERVAL '600 minutes'), NULL, NULL),
  ('b2000000-0000-4000-8000-000000000251', 'cxt-demo', 'b1000000-0000-4000-8000-000000000025', NULL, 'PICKUP', NULL, 'PENDING', '2401 E 6th St, Austin, TX 78702', ST_GeogFromText('POINT(-97.7185 30.2601)'), (CURRENT_DATE + TIME '08:00' + INTERVAL '240 minutes'), (CURRENT_DATE + TIME '08:00' + INTERVAL '420 minutes'), NULL, NULL),
  ('b2000000-0000-4000-8000-000000000252', 'cxt-demo', 'b1000000-0000-4000-8000-000000000025', NULL, 'DELIVERY', NULL, 'PENDING', '1100 S Lamar Blvd, Austin, TX 78704', ST_GeogFromText('POINT(-97.7635 30.2559)'), (CURRENT_DATE + TIME '08:00' + INTERVAL '300 minutes'), (CURRENT_DATE + TIME '08:00' + INTERVAL '600 minutes'), NULL, NULL),
  ('b2000000-0000-4000-8000-000000000261', 'cxt-demo', 'b1000000-0000-4000-8000-000000000026', NULL, 'PICKUP', NULL, 'PENDING', '2401 E 6th St, Austin, TX 78702', ST_GeogFromText('POINT(-97.7185 30.2601)'), (CURRENT_DATE + TIME '08:00' + INTERVAL '250 minutes'), (CURRENT_DATE + TIME '08:00' + INTERVAL '430 minutes'), NULL, NULL),
  ('b2000000-0000-4000-8000-000000000262', 'cxt-demo', 'b1000000-0000-4000-8000-000000000026', NULL, 'DELIVERY', NULL, 'PENDING', '7301 Woodrow Ave, Austin, TX 78757', ST_GeogFromText('POINT(-97.7326 30.3474)'), (CURRENT_DATE + TIME '08:00' + INTERVAL '310 minutes'), (CURRENT_DATE + TIME '08:00' + INTERVAL '610 minutes'), NULL, NULL),
  ('b2000000-0000-4000-8000-000000000271', 'cxt-demo', 'b1000000-0000-4000-8000-000000000027', NULL, 'PICKUP', NULL, 'PENDING', '2404 E Riverside Dr, Austin, TX 78741', ST_GeogFromText('POINT(-97.7202 30.2333)'), (CURRENT_DATE + TIME '08:00' + INTERVAL '250 minutes'), (CURRENT_DATE + TIME '08:00' + INTERVAL '430 minutes'), NULL, NULL),
  ('b2000000-0000-4000-8000-000000000272', 'cxt-demo', 'b1000000-0000-4000-8000-000000000027', NULL, 'DELIVERY', NULL, 'PENDING', '1717 Toomey Rd, Austin, TX 78704', ST_GeogFromText('POINT(-97.7615 30.2617)'), (CURRENT_DATE + TIME '08:00' + INTERVAL '310 minutes'), (CURRENT_DATE + TIME '08:00' + INTERVAL '610 minutes'), NULL, NULL),
  ('b2000000-0000-4000-8000-000000000281', 'cxt-demo', 'b1000000-0000-4000-8000-000000000028', NULL, 'PICKUP', NULL, 'PENDING', '2401 E 6th St, Austin, TX 78702', ST_GeogFromText('POINT(-97.7185 30.2601)'), (CURRENT_DATE + TIME '08:00' + INTERVAL '260 minutes'), (CURRENT_DATE + TIME '08:00' + INTERVAL '440 minutes'), NULL, NULL),
  ('b2000000-0000-4000-8000-000000000282', 'cxt-demo', 'b1000000-0000-4000-8000-000000000028', NULL, 'DELIVERY', NULL, 'PENDING', '5555 N Lamar Blvd, Austin, TX 78751', ST_GeogFromText('POINT(-97.7267 30.3221)'), (CURRENT_DATE + TIME '08:00' + INTERVAL '320 minutes'), (CURRENT_DATE + TIME '08:00' + INTERVAL '620 minutes'), NULL, NULL),
  ('b2000000-0000-4000-8000-000000000291', 'cxt-demo', 'b1000000-0000-4000-8000-000000000029', NULL, 'PICKUP', NULL, 'PENDING', '1211 W 6th St, Austin, TX 78703', ST_GeogFromText('POINT(-97.7565 30.2725)'), (CURRENT_DATE + TIME '08:00' + INTERVAL '260 minutes'), (CURRENT_DATE + TIME '08:00' + INTERVAL '440 minutes'), NULL, NULL),
  ('b2000000-0000-4000-8000-000000000292', 'cxt-demo', 'b1000000-0000-4000-8000-000000000029', NULL, 'DELIVERY', NULL, 'PENDING', '3663 Bee Caves Rd, Austin, TX 78746', ST_GeogFromText('POINT(-97.809 30.2705)'), (CURRENT_DATE + TIME '08:00' + INTERVAL '320 minutes'), (CURRENT_DATE + TIME '08:00' + INTERVAL '620 minutes'), NULL, NULL),
  ('b2000000-0000-4000-8000-000000000301', 'cxt-demo', 'b1000000-0000-4000-8000-000000000030', NULL, 'PICKUP', NULL, 'PENDING', '2401 E 6th St, Austin, TX 78702', ST_GeogFromText('POINT(-97.7185 30.2601)'), (CURRENT_DATE + TIME '08:00' + INTERVAL '270 minutes'), (CURRENT_DATE + TIME '08:00' + INTERVAL '450 minutes'), NULL, NULL),
  ('b2000000-0000-4000-8000-000000000302', 'cxt-demo', 'b1000000-0000-4000-8000-000000000030', NULL, 'DELIVERY', NULL, 'PENDING', '2901 Montopolis Dr, Austin, TX 78741', ST_GeogFromText('POINT(-97.704 30.2287)'), (CURRENT_DATE + TIME '08:00' + INTERVAL '330 minutes'), (CURRENT_DATE + TIME '08:00' + INTERVAL '630 minutes'), NULL, NULL);

INSERT INTO parcels (id, tenant_id, order_id, barcode, description, weight_kg, status) VALUES
  ('b3000000-0000-4000-8000-000000000101', 'cxt-demo', 'b1000000-0000-4000-8000-000000000001', 'PCL-1001-1', 'Small electronics', 5.5, 'PICKED_UP'),
  ('b3000000-0000-4000-8000-000000000102', 'cxt-demo', 'b1000000-0000-4000-8000-000000000001', 'PCL-1001-2', 'Pharmacy tote', 7.0, 'PICKED_UP'),
  ('b3000000-0000-4000-8000-000000000201', 'cxt-demo', 'b1000000-0000-4000-8000-000000000002', 'PCL-1002-1', 'Pharmacy tote', 9.0, 'PICKED_UP'),
  ('b3000000-0000-4000-8000-000000000301', 'cxt-demo', 'b1000000-0000-4000-8000-000000000003', 'PCL-1003-1', 'Print job — boxed', 12.5, 'PICKED_UP'),
  ('b3000000-0000-4000-8000-000000000302', 'cxt-demo', 'b1000000-0000-4000-8000-000000000003', 'PCL-1003-2', 'Auto part', 14.0, 'PICKED_UP'),
  ('b3000000-0000-4000-8000-000000000303', 'cxt-demo', 'b1000000-0000-4000-8000-000000000003', 'PCL-1003-3', 'Floral arrangement', 1.5, 'PICKED_UP'),
  ('b3000000-0000-4000-8000-000000000401', 'cxt-demo', 'b1000000-0000-4000-8000-000000000004', 'PCL-1004-1', 'Auto part', 2.0, 'PICKED_UP'),
  ('b3000000-0000-4000-8000-000000000402', 'cxt-demo', 'b1000000-0000-4000-8000-000000000004', 'PCL-1004-2', 'Floral arrangement', 3.5, 'PICKED_UP'),
  ('b3000000-0000-4000-8000-000000000501', 'cxt-demo', 'b1000000-0000-4000-8000-000000000005', 'PCL-1005-1', 'Floral arrangement', 5.5, 'PICKED_UP'),
  ('b3000000-0000-4000-8000-000000000601', 'cxt-demo', 'b1000000-0000-4000-8000-000000000006', 'PCL-1006-1', 'Coffee sample case', 9.0, 'PICKED_UP'),
  ('b3000000-0000-4000-8000-000000000602', 'cxt-demo', 'b1000000-0000-4000-8000-000000000006', 'PCL-1006-2', 'Optical frames', 10.5, 'PICKED_UP'),
  ('b3000000-0000-4000-8000-000000000701', 'cxt-demo', 'b1000000-0000-4000-8000-000000000007', 'PCL-1007-1', 'Optical frames', 12.5, 'PICKED_UP'),
  ('b3000000-0000-4000-8000-000000000702', 'cxt-demo', 'b1000000-0000-4000-8000-000000000007', 'PCL-1007-2', 'Dental supplies', 14.0, 'PICKED_UP'),
  ('b3000000-0000-4000-8000-000000000703', 'cxt-demo', 'b1000000-0000-4000-8000-000000000007', 'PCL-1007-3', 'Marketing materials', 1.5, 'PICKED_UP'),
  ('b3000000-0000-4000-8000-000000000801', 'cxt-demo', 'b1000000-0000-4000-8000-000000000008', 'PCL-1008-1', 'Dental supplies', 2.0, 'PICKED_UP'),
  ('b3000000-0000-4000-8000-000000000802', 'cxt-demo', 'b1000000-0000-4000-8000-000000000008', 'PCL-1008-2', 'Marketing materials', 3.5, 'PICKED_UP'),
  ('b3000000-0000-4000-8000-000000000901', 'cxt-demo', 'b1000000-0000-4000-8000-000000000009', 'PCL-1009-1', 'Marketing materials', 5.5, 'PICKED_UP'),
  ('b3000000-0000-4000-8000-000000000902', 'cxt-demo', 'b1000000-0000-4000-8000-000000000009', 'PCL-1009-2', 'Spare cables', 7.0, 'PICKED_UP'),
  ('b3000000-0000-4000-8000-000000000903', 'cxt-demo', 'b1000000-0000-4000-8000-000000000009', 'PCL-1009-3', 'Lab specimen kit', 8.5, 'PICKED_UP'),
  ('b3000000-0000-4000-8000-000000000904', 'cxt-demo', 'b1000000-0000-4000-8000-000000000009', 'PCL-1009-4', 'Document envelope', 10.0, 'PICKED_UP'),
  ('b3000000-0000-4000-8000-000000001001', 'cxt-demo', 'b1000000-0000-4000-8000-000000000010', 'PCL-1010-1', 'Spare cables', 9.0, 'DELIVERED'),
  ('b3000000-0000-4000-8000-000000001101', 'cxt-demo', 'b1000000-0000-4000-8000-000000000011', 'PCL-1011-1', 'Lab specimen kit', 12.5, 'PENDING'),
  ('b3000000-0000-4000-8000-000000001102', 'cxt-demo', 'b1000000-0000-4000-8000-000000000011', 'PCL-1011-2', 'Document envelope', 14.0, 'PENDING'),
  ('b3000000-0000-4000-8000-000000001201', 'cxt-demo', 'b1000000-0000-4000-8000-000000000012', 'PCL-1012-1', 'Document envelope', 2.0, 'PENDING'),
  ('b3000000-0000-4000-8000-000000001202', 'cxt-demo', 'b1000000-0000-4000-8000-000000000012', 'PCL-1012-2', 'Small electronics', 3.5, 'PENDING'),
  ('b3000000-0000-4000-8000-000000001203', 'cxt-demo', 'b1000000-0000-4000-8000-000000000012', 'PCL-1012-3', 'Pharmacy tote', 5.0, 'PENDING'),
  ('b3000000-0000-4000-8000-000000001301', 'cxt-demo', 'b1000000-0000-4000-8000-000000000013', 'PCL-1013-1', 'Small electronics', 5.5, 'PENDING'),
  ('b3000000-0000-4000-8000-000000001302', 'cxt-demo', 'b1000000-0000-4000-8000-000000000013', 'PCL-1013-2', 'Pharmacy tote', 7.0, 'PENDING'),
  ('b3000000-0000-4000-8000-000000001401', 'cxt-demo', 'b1000000-0000-4000-8000-000000000014', 'PCL-1014-1', 'Pharmacy tote', 9.0, 'PENDING'),
  ('b3000000-0000-4000-8000-000000001402', 'cxt-demo', 'b1000000-0000-4000-8000-000000000014', 'PCL-1014-2', 'Print job — boxed', 10.5, 'PENDING'),
  ('b3000000-0000-4000-8000-000000001403', 'cxt-demo', 'b1000000-0000-4000-8000-000000000014', 'PCL-1014-3', 'Auto part', 12.0, 'PENDING'),
  ('b3000000-0000-4000-8000-000000001501', 'cxt-demo', 'b1000000-0000-4000-8000-000000000015', 'PCL-1015-1', 'Print job — boxed', 12.5, 'PENDING'),
  ('b3000000-0000-4000-8000-000000001601', 'cxt-demo', 'b1000000-0000-4000-8000-000000000016', 'PCL-1016-1', 'Auto part', 2.0, 'PENDING'),
  ('b3000000-0000-4000-8000-000000001602', 'cxt-demo', 'b1000000-0000-4000-8000-000000000016', 'PCL-1016-2', 'Floral arrangement', 3.5, 'PENDING'),
  ('b3000000-0000-4000-8000-000000001603', 'cxt-demo', 'b1000000-0000-4000-8000-000000000016', 'PCL-1016-3', 'Coffee sample case', 5.0, 'PENDING'),
  ('b3000000-0000-4000-8000-000000001604', 'cxt-demo', 'b1000000-0000-4000-8000-000000000016', 'PCL-1016-4', 'Optical frames', 6.5, 'PENDING'),
  ('b3000000-0000-4000-8000-000000001701', 'cxt-demo', 'b1000000-0000-4000-8000-000000000017', 'PCL-1017-1', 'Floral arrangement', 5.5, 'PENDING'),
  ('b3000000-0000-4000-8000-000000001702', 'cxt-demo', 'b1000000-0000-4000-8000-000000000017', 'PCL-1017-2', 'Coffee sample case', 7.0, 'PENDING'),
  ('b3000000-0000-4000-8000-000000001801', 'cxt-demo', 'b1000000-0000-4000-8000-000000000018', 'PCL-1018-1', 'Coffee sample case', 9.0, 'PENDING'),
  ('b3000000-0000-4000-8000-000000001802', 'cxt-demo', 'b1000000-0000-4000-8000-000000000018', 'PCL-1018-2', 'Optical frames', 10.5, 'PENDING'),
  ('b3000000-0000-4000-8000-000000001803', 'cxt-demo', 'b1000000-0000-4000-8000-000000000018', 'PCL-1018-3', 'Dental supplies', 12.0, 'PENDING'),
  ('b3000000-0000-4000-8000-000000001901', 'cxt-demo', 'b1000000-0000-4000-8000-000000000019', 'PCL-1019-1', 'Optical frames', 12.5, 'PENDING'),
  ('b3000000-0000-4000-8000-000000002001', 'cxt-demo', 'b1000000-0000-4000-8000-000000000020', 'PCL-1020-1', 'Dental supplies', 2.0, 'PENDING'),
  ('b3000000-0000-4000-8000-000000002002', 'cxt-demo', 'b1000000-0000-4000-8000-000000000020', 'PCL-1020-2', 'Marketing materials', 3.5, 'PENDING'),
  ('b3000000-0000-4000-8000-000000002101', 'cxt-demo', 'b1000000-0000-4000-8000-000000000021', 'PCL-1021-1', 'Marketing materials', 5.5, 'PENDING'),
  ('b3000000-0000-4000-8000-000000002102', 'cxt-demo', 'b1000000-0000-4000-8000-000000000021', 'PCL-1021-2', 'Spare cables', 7.0, 'PENDING'),
  ('b3000000-0000-4000-8000-000000002103', 'cxt-demo', 'b1000000-0000-4000-8000-000000000021', 'PCL-1021-3', 'Lab specimen kit', 8.5, 'PENDING'),
  ('b3000000-0000-4000-8000-000000002201', 'cxt-demo', 'b1000000-0000-4000-8000-000000000022', 'PCL-1022-1', 'Spare cables', 9.0, 'PENDING'),
  ('b3000000-0000-4000-8000-000000002202', 'cxt-demo', 'b1000000-0000-4000-8000-000000000022', 'PCL-1022-2', 'Lab specimen kit', 10.5, 'PENDING'),
  ('b3000000-0000-4000-8000-000000002301', 'cxt-demo', 'b1000000-0000-4000-8000-000000000023', 'PCL-1023-1', 'Lab specimen kit', 12.5, 'PENDING'),
  ('b3000000-0000-4000-8000-000000002302', 'cxt-demo', 'b1000000-0000-4000-8000-000000000023', 'PCL-1023-2', 'Document envelope', 14.0, 'PENDING'),
  ('b3000000-0000-4000-8000-000000002401', 'cxt-demo', 'b1000000-0000-4000-8000-000000000024', 'PCL-1024-1', 'Document envelope', 2.0, 'PENDING'),
  ('b3000000-0000-4000-8000-000000002501', 'cxt-demo', 'b1000000-0000-4000-8000-000000000025', 'PCL-1025-1', 'Small electronics', 5.5, 'PENDING'),
  ('b3000000-0000-4000-8000-000000002502', 'cxt-demo', 'b1000000-0000-4000-8000-000000000025', 'PCL-1025-2', 'Pharmacy tote', 7.0, 'PENDING'),
  ('b3000000-0000-4000-8000-000000002601', 'cxt-demo', 'b1000000-0000-4000-8000-000000000026', 'PCL-1026-1', 'Pharmacy tote', 9.0, 'PENDING'),
  ('b3000000-0000-4000-8000-000000002602', 'cxt-demo', 'b1000000-0000-4000-8000-000000000026', 'PCL-1026-2', 'Print job — boxed', 10.5, 'PENDING'),
  ('b3000000-0000-4000-8000-000000002603', 'cxt-demo', 'b1000000-0000-4000-8000-000000000026', 'PCL-1026-3', 'Auto part', 12.0, 'PENDING'),
  ('b3000000-0000-4000-8000-000000002701', 'cxt-demo', 'b1000000-0000-4000-8000-000000000027', 'PCL-1027-1', 'Print job — boxed', 12.5, 'PENDING'),
  ('b3000000-0000-4000-8000-000000002702', 'cxt-demo', 'b1000000-0000-4000-8000-000000000027', 'PCL-1027-2', 'Auto part', 14.0, 'PENDING'),
  ('b3000000-0000-4000-8000-000000002801', 'cxt-demo', 'b1000000-0000-4000-8000-000000000028', 'PCL-1028-1', 'Auto part', 2.0, 'PENDING'),
  ('b3000000-0000-4000-8000-000000002901', 'cxt-demo', 'b1000000-0000-4000-8000-000000000029', 'PCL-1029-1', 'Floral arrangement', 5.5, 'PENDING'),
  ('b3000000-0000-4000-8000-000000002902', 'cxt-demo', 'b1000000-0000-4000-8000-000000000029', 'PCL-1029-2', 'Coffee sample case', 7.0, 'PENDING'),
  ('b3000000-0000-4000-8000-000000003001', 'cxt-demo', 'b1000000-0000-4000-8000-000000000030', 'PCL-1030-1', 'Coffee sample case', 9.0, 'PENDING'),
  ('b3000000-0000-4000-8000-000000003002', 'cxt-demo', 'b1000000-0000-4000-8000-000000000030', 'PCL-1030-2', 'Optical frames', 10.5, 'PENDING'),
  ('b3000000-0000-4000-8000-000000003003', 'cxt-demo', 'b1000000-0000-4000-8000-000000000030', 'PCL-1030-3', 'Dental supplies', 12.0, 'PENDING'),
  ('b3000000-0000-4000-8000-000000003004', 'cxt-demo', 'b1000000-0000-4000-8000-000000000030', 'PCL-1030-4', 'Marketing materials', 13.5, 'PENDING');

COMMIT;
